{
    "$schema": "https://schema.management.azure.com/schemas/2015-01-01/deploymentParameters.json#",
    "contentVersion": "1.0.0.0",
    "parameters": {
        "factoryName": {
            "value": "New-adf-pavan1"
        },
        "dataFactory_properties_globalParameters_Server_Name_dwh_value": {
            "value": "sql-bd-dev-server"
        },
        "dataFactory_properties_globalParameters_db_name_dwh_value": {
            "value": "db_dev"
        },
        "dataFactory_properties_globalParameters_key_secret_dwh_value": {
            "value": "key-valut-adf"
        },
        "dataFactory_properties_globalParameters_db_username_value": {
            "value": "pavanbd_dev"
        },
        "dataFactory_properties_globalParameters_key_version_value": {
            "value": "fb2e8c43e5be40d7975a9bf22d16f294"
        },
        "dataFactory_location": {
            "value": "centralindia"
        },
        "dataFactory_identity_type": {
            "value": "SystemAssigned"
        }
    }
}