{
    "$schema": "http://schema.management.azure.com/schemas/2015-01-01/deploymentTemplate.json#",
    "contentVersion": "1.0.0.0",
    "parameters": {
        "factoryName": {
            "type": "string",
            "metadata": "Data Factory name",
            "defaultValue": "New-adf-pavan1"
        },
        "dataFactory_properties_globalParameters_Server_Name_dwh_value": {
            "type": "string",
            "defaultValue": "sql-bd-dev-server"
        },
        "dataFactory_properties_globalParameters_db_name_dwh_value": {
            "type": "string",
            "defaultValue": "db_dev"
        },
        "dataFactory_properties_globalParameters_key_secret_dwh_value": {
            "type": "string",
            "defaultValue": "key-valut-adf"
        },
        "dataFactory_properties_globalParameters_db_username_value": {
            "type": "string",
            "defaultValue": "pavanbd_dev"
        },
        "dataFactory_properties_globalParameters_key_version_value": {
            "type": "string",
            "defaultValue": "fb2e8c43e5be40d7975a9bf22d16f294"
        },
        "dataFactory_location": {
            "type": "string",
            "defaultValue": "centralindia"
        },
        "dataFactory_identity_type": {
            "type": "string",
            "defaultValue": "SystemAssigned"
        }
    },
    "variables": {
        "factoryId": "[concat('Microsoft.DataFactory/factories/', parameters('factoryName'))]"
    },
    "resources": [
        {
            "name": "[parameters('factoryName')]",
            "type": "Microsoft.DataFactory/factories",
            "apiVersion": "2018-06-01",
            "properties": {
                "globalParameters": {
                    "Server_Name_dwh": {
                        "type": "string",
                        "value": "[parameters('dataFactory_properties_globalParameters_Server_Name_dwh_value')]"
                    },
                    "db_name_dwh": {
                        "type": "string",
                        "value": "[parameters('dataFactory_properties_globalParameters_db_name_dwh_value')]"
                    },
                    "key_secret_dwh": {
                        "type": "string",
                        "value": "[parameters('dataFactory_properties_globalParameters_key_secret_dwh_value')]"
                    },
                    "db_username": {
                        "type": "string",
                        "value": "[parameters('dataFactory_properties_globalParameters_db_username_value')]"
                    },
                    "key_version": {
                        "type": "string",
                        "value": "[parameters('dataFactory_properties_globalParameters_key_version_value')]"
                    }
                }
            },
            "dependsOn": [],
            "location": "[parameters('dataFactory_location')]",
            "identity": {
                "type": "[parameters('dataFactory_identity_type')]",
                "principalId": "85a80f46-3fb8-47e5-b2cf-06521804aad2",
                "tenantId": "3c13dc1d-b29c-4c7e-a306-b3febdd8f92e"
            }
        }
    ]
}