{
    "$schema": "http://schema.management.azure.com/schemas/2015-01-01/deploymentTemplate.json#",
    "contentVersion": "1.0.0.0",
    "parameters": {
        "factoryName": {
            "type": "string",
            "metadata": "Data Factory name",
            "defaultValue": "New-adf-pavan1"
        },
        "LS_fusion_connectionString": {
            "type": "secureString",
            "metadata": "Secure string for 'connectionString' of 'LS_fusion'"
        },
        "LS_dwh_connectionString": {
            "type": "secureString",
            "metadata": "Secure string for 'connectionString' of 'LS_dwh'"
        },
        "ADF_key_valut_properties_typeProperties_baseUrl": {
            "type": "string",
            "defaultValue": "https://key-valut-adf.vault.azure.net/"
        },
        "HttpServer1_properties_typeProperties_url": {
            "type": "string",
            "defaultValue": "https://jsonplaceholder.typicode.com"
        },
        "Ls_JsonPlaceHolder_properties_typeProperties_url": {
            "type": "string",
            "defaultValue": "https://jsonplaceholder.typicode.com/"
        },
        "LS_dummyJson_properties_typeProperties_url": {
            "type": "string",
            "defaultValue": "https://dummyjson.com/products"
        },
        "azure_Dev_db_properties_typeProperties_server": {
            "type": "string",
            "defaultValue": "sql-bd-dev-server.database.windows.net"
        },
        "azure_Dev_db_properties_typeProperties_database": {
            "type": "string",
            "defaultValue": "db_dev"
        },
        "azure_Dev_db_properties_typeProperties_userName": {
            "type": "string",
            "defaultValue": "pavanbd_dev"
        },
        "AzureSqlDatabase1_properties_typeProperties_server": {
            "type": "string",
            "defaultValue": "@{concat(linkedService().Server_Name_dwh,'.database.windows.net')}"
        },
        "AzureSqlDatabase1_properties_typeProperties_database": {
            "type": "string",
            "defaultValue": "@{linkedService().db_name_dwh}"
        },
        "AzureSqlDatabase1_properties_typeProperties_userName": {
            "type": "string",
            "defaultValue": "@{linkedService().db_username}"
        }
    },
    "variables": {
        "factoryId": "[concat('Microsoft.DataFactory/factories/', parameters('factoryName'))]"
    },
    "resources": [
        {
            "name": "[concat(parameters('factoryName'), '/LS_fusion')]",
            "type": "Microsoft.DataFactory/factories/linkedServices",
            "apiVersion": "2018-06-01",
            "properties": {
                "annotations": [],
                "type": "AzureBlobStorage",
                "typeProperties": {
                    "connectionString": "[parameters('LS_fusion_connectionString')]"
                }
            },
            "dependsOn": []
        },
        {
            "name": "[concat(parameters('factoryName'), '/LS_dwh')]",
            "type": "Microsoft.DataFactory/factories/linkedServices",
            "apiVersion": "2018-06-01",
            "properties": {
                "annotations": [],
                "type": "AzureBlobStorage",
                "typeProperties": {
                    "connectionString": "[parameters('LS_dwh_connectionString')]"
                }
            },
            "dependsOn": []
        },
        {
            "name": "[concat(parameters('factoryName'), '/ADF_key_valut')]",
            "type": "Microsoft.DataFactory/factories/linkedServices",
            "apiVersion": "2018-06-01",
            "properties": {
                "annotations": [],
                "type": "AzureKeyVault",
                "typeProperties": {
                    "baseUrl": "[parameters('ADF_key_valut_properties_typeProperties_baseUrl')]"
                }
            },
            "dependsOn": []
        },
        {
            "name": "[concat(parameters('factoryName'), '/HttpServer1')]",
            "type": "Microsoft.DataFactory/factories/linkedServices",
            "apiVersion": "2018-06-01",
            "properties": {
                "annotations": [],
                "type": "HttpServer",
                "typeProperties": {
                    "url": "[parameters('HttpServer1_properties_typeProperties_url')]",
                    "enableServerCertificateValidation": true,
                    "authenticationType": "Anonymous"
                }
            },
            "dependsOn": []
        },
        {
            "name": "[concat(parameters('factoryName'), '/Token_geneartion_through_api')]",
            "type": "Microsoft.DataFactory/factories/pipelines",
            "apiVersion": "2018-06-01",
            "properties": {
                "activities": [
                    {
                        "name": "Web1",
                        "type": "WebActivity",
                        "dependsOn": [],
                        "policy": {
                            "timeout": "0.12:00:00",
                            "retry": 0,
                            "retryIntervalInSeconds": 30,
                            "secureOutput": false,
                            "secureInput": false
                        },
                        "userProperties": [],
                        "typeProperties": {
                            "method": "POST",
                            "headers": {
                                "Content-Type": "application/json"
                            },
                            "url": "https://api.example.com/v1/auth",
                            "body": {
                                "client_id": "your_client_id",
                                "client_secret": "your_client_secret",
                                "grant_type": "client_credentials"
                            }
                        }
                    },
                    {
                        "name": "Web2",
                        "type": "WebActivity",
                        "dependsOn": [
                            {
                                "activity": "Web1",
                                "dependencyConditions": [
                                    "Succeeded"
                                ]
                            }
                        ],
                        "policy": {
                            "timeout": "0.12:00:00",
                            "retry": 0,
                            "retryIntervalInSeconds": 30,
                            "secureOutput": false,
                            "secureInput": false
                        },
                        "userProperties": [],
                        "typeProperties": {
                            "method": "GET",
                            "headers": {
                                "Authorization": "concat(Barrer,token variable)"
                            },
                            "url": {
                                "value": "@activity('Web1').output",
                                "type": "Expression"
                            }
                        }
                    }
                ],
                "policy": {
                    "elapsedTimeMetric": {}
                },
                "annotations": [],
                "lastPublishTime": "2026-01-25T19:09:52Z"
            },
            "dependsOn": []
        },
        {
            "name": "[concat(parameters('factoryName'), '/Ls_JsonPlaceHolder')]",
            "type": "Microsoft.DataFactory/factories/linkedServices",
            "apiVersion": "2018-06-01",
            "properties": {
                "annotations": [],
                "type": "RestService",
                "typeProperties": {
                    "url": "[parameters('Ls_JsonPlaceHolder_properties_typeProperties_url')]",
                    "enableServerCertificateValidation": true,
                    "authenticationType": "Anonymous"
                }
            },
            "dependsOn": []
        },
        {
            "name": "[concat(parameters('factoryName'), '/LS_dummyJson')]",
            "type": "Microsoft.DataFactory/factories/linkedServices",
            "apiVersion": "2018-06-01",
            "properties": {
                "annotations": [],
                "type": "RestService",
                "typeProperties": {
                    "url": "[parameters('LS_dummyJson_properties_typeProperties_url')]",
                    "enableServerCertificateValidation": true,
                    "authenticationType": "Anonymous"
                }
            },
            "dependsOn": []
        },
        {
            "name": "[concat(parameters('factoryName'), '/azure_Dev_db')]",
            "type": "Microsoft.DataFactory/factories/linkedServices",
            "apiVersion": "2018-06-01",
            "properties": {
                "annotations": [],
                "type": "AzureSqlDatabase",
                "typeProperties": {
                    "server": "[parameters('azure_Dev_db_properties_typeProperties_server')]",
                    "database": "[parameters('azure_Dev_db_properties_typeProperties_database')]",
                    "encrypt": "mandatory",
                    "trustServerCertificate": false,
                    "authenticationType": "SQL",
                    "userName": "[parameters('azure_Dev_db_properties_typeProperties_userName')]",
                    "password": {
                        "type": "AzureKeyVaultSecret",
                        "store": {
                            "referenceName": "ADF_key_valut",
                            "type": "LinkedServiceReference"
                        },
                        "secretName": "key-valut-adf",
                        "secretVersion": "fb2e8c43e5be40d7975a9bf22d16f294"
                    }
                }
            },
            "dependsOn": [
                "[concat(variables('factoryId'), '/linkedServices/ADF_key_valut')]"
            ]
        },
        {
            "name": "[concat(parameters('factoryName'), '/DS_input_fusion')]",
            "type": "Microsoft.DataFactory/factories/datasets",
            "apiVersion": "2018-06-01",
            "properties": {
                "linkedServiceName": {
                    "referenceName": "LS_fusion",
                    "type": "LinkedServiceReference"
                },
                "parameters": {
                    "File_name": {
                        "type": "String"
                    }
                },
                "annotations": [],
                "type": "DelimitedText",
                "typeProperties": {
                    "location": {
                        "type": "AzureBlobStorageLocation",
                        "fileName": {
                            "value": "@dataset().File_name",
                            "type": "Expression"
                        },
                        "folderPath": "Fusion_input",
                        "container": "fusion-input-container"
                    },
                    "columnDelimiter": ",",
                    "escapeChar": "\\",
                    "firstRowAsHeader": true,
                    "quoteChar": "\""
                },
                "schema": []
            },
            "dependsOn": [
                "[concat(variables('factoryId'), '/linkedServices/LS_fusion')]"
            ]
        },
        {
            "name": "[concat(parameters('factoryName'), '/DS_input_dwh')]",
            "type": "Microsoft.DataFactory/factories/datasets",
            "apiVersion": "2018-06-01",
            "properties": {
                "linkedServiceName": {
                    "referenceName": "LS_dwh",
                    "type": "LinkedServiceReference"
                },
                "parameters": {
                    "File_name_fusion": {
                        "type": "String"
                    }
                },
                "annotations": [],
                "type": "DelimitedText",
                "typeProperties": {
                    "location": {
                        "type": "AzureBlobStorageLocation",
                        "fileName": {
                            "value": "@dataset().File_name_fusion",
                            "type": "Expression"
                        },
                        "container": "dwh-input"
                    },
                    "columnDelimiter": ",",
                    "escapeChar": "\\",
                    "firstRowAsHeader": true,
                    "quoteChar": "\""
                },
                "schema": []
            },
            "dependsOn": [
                "[concat(variables('factoryId'), '/linkedServices/LS_dwh')]"
            ]
        },
        {
            "name": "[concat(parameters('factoryName'), '/DS_Archive_folder')]",
            "type": "Microsoft.DataFactory/factories/datasets",
            "apiVersion": "2018-06-01",
            "properties": {
                "linkedServiceName": {
                    "referenceName": "LS_dwh",
                    "type": "LinkedServiceReference"
                },
                "parameters": {
                    "file_name": {
                        "type": "String"
                    }
                },
                "annotations": [],
                "type": "DelimitedText",
                "typeProperties": {
                    "location": {
                        "type": "AzureBlobStorageLocation",
                        "fileName": {
                            "value": "@dataset().file_name",
                            "type": "Expression"
                        },
                        "folderPath": "archive_folder",
                        "container": "dwh-input"
                    },
                    "columnDelimiter": ",",
                    "escapeChar": "\\",
                    "firstRowAsHeader": true,
                    "quoteChar": "\""
                },
                "schema": [
                    {
                        "name": "DEPARTMENT_ID",
                        "type": "String"
                    },
                    {
                        "name": "DEPARTMENT_NAME",
                        "type": "String"
                    },
                    {
                        "name": "MANAGER_ID",
                        "type": "String"
                    },
                    {
                        "name": "LOCATION_ID",
                        "type": "String"
                    }
                ]
            },
            "dependsOn": [
                "[concat(variables('factoryId'), '/linkedServices/LS_dwh')]"
            ]
        },
        {
            "name": "[concat(parameters('factoryName'), '/DS_web_api')]",
            "type": "Microsoft.DataFactory/factories/datasets",
            "apiVersion": "2018-06-01",
            "properties": {
                "linkedServiceName": {
                    "referenceName": "HttpServer1",
                    "type": "LinkedServiceReference"
                },
                "annotations": [],
                "type": "Json",
                "typeProperties": {
                    "location": {
                        "type": "HttpServerLocation",
                        "relativeUrl": "/todos/4"
                    }
                },
                "schema": {}
            },
            "dependsOn": [
                "[concat(variables('factoryId'), '/linkedServices/HttpServer1')]"
            ]
        },
        {
            "name": "[concat(parameters('factoryName'), '/DS_fuison_p')]",
            "type": "Microsoft.DataFactory/factories/datasets",
            "apiVersion": "2018-06-01",
            "properties": {
                "linkedServiceName": {
                    "referenceName": "LS_fusion",
                    "type": "LinkedServiceReference"
                },
                "parameters": {
                    "File_name": {
                        "type": "String"
                    }
                },
                "annotations": [],
                "type": "DelimitedText",
                "typeProperties": {
                    "location": {
                        "type": "AzureBlobStorageLocation",
                        "fileName": {
                            "value": "@dataset().File_name",
                            "type": "Expression"
                        },
                        "folderPath": "Fusion_input",
                        "container": "fusion-input-container"
                    },
                    "columnDelimiter": ",",
                    "compressionCodec": "ZipDeflate",
                    "compressionLevel": "Optimal",
                    "escapeChar": "\\",
                    "firstRowAsHeader": true,
                    "quoteChar": "\""
                },
                "schema": []
            },
            "dependsOn": [
                "[concat(variables('factoryId'), '/linkedServices/LS_fusion')]"
            ]
        },
        {
            "name": "[concat(parameters('factoryName'), '/Json1')]",
            "type": "Microsoft.DataFactory/factories/datasets",
            "apiVersion": "2018-06-01",
            "properties": {
                "linkedServiceName": {
                    "referenceName": "LS_dwh",
                    "type": "LinkedServiceReference"
                },
                "annotations": [],
                "type": "Json",
                "typeProperties": {
                    "location": {
                        "type": "AzureBlobStorageLocation",
                        "fileName": "1 KB 5 Level Formatted.json",
                        "container": "dwh-input"
                    }
                },
                "schema": {
                    "type": "object",
                    "properties": {
                        "employee": {
                            "type": "object",
                            "properties": {
                                "id": {
                                    "type": "string"
                                },
                                "name": {
                                    "type": "string"
                                },
                                "position": {
                                    "type": "string"
                                },
                                "department": {
                                    "type": "object",
                                    "properties": {
                                        "id": {
                                            "type": "string"
                                        },
                                        "name": {
                                            "type": "string"
                                        },
                                        "manager": {
                                            "type": "object",
                                            "properties": {
                                                "id": {
                                                    "type": "string"
                                                },
                                                "name": {
                                                    "type": "string"
                                                },
                                                "contact": {
                                                    "type": "object",
                                                    "properties": {
                                                        "email": {
                                                            "type": "string"
                                                        },
                                                        "phone": {
                                                            "type": "string"
                                                        }
                                                    }
                                                }
                                            }
                                        }
                                    }
                                },
                                "projects": {
                                    "type": "array",
                                    "items": {
                                        "type": "object",
                                        "properties": {
                                            "projectId": {
                                                "type": "string"
                                            },
                                            "projectName": {
                                                "type": "string"
                                            },
                                            "startDate": {
                                                "type": "string"
                                            },
                                            "tasks": {
                                                "type": "array",
                                                "items": {
                                                    "type": "object",
                                                    "properties": {
                                                        "taskId": {
                                                            "type": "string"
                                                        },
                                                        "title": {
                                                            "type": "string"
                                                        },
                                                        "status": {
                                                            "type": "string"
                                                        },
                                                        "details": {
                                                            "type": "object",
                                                            "properties": {
                                                                "hoursSpent": {
                                                                    "type": "integer"
                                                                },
                                                                "technologiesUsed": {
                                                                    "type": "array",
                                                                    "items": {
                                                                        "type": "string"
                                                                    }
                                                                },
                                                                "expectedCompletion": {
                                                                    "type": "string"
                                                                }
                                                            }
                                                        }
                                                    }
                                                }
                                            }
                                        }
                                    }
                                }
                            }
                        }
                    }
                }
            },
            "dependsOn": [
                "[concat(variables('factoryId'), '/linkedServices/LS_dwh')]"
            ]
        },
        {
            "name": "[concat(parameters('factoryName'), '/AzureSqlDatabase1')]",
            "type": "Microsoft.DataFactory/factories/linkedServices",
            "apiVersion": "2018-06-01",
            "properties": {
                "parameters": {
                    "Server_Name_dwh": {
                        "type": "string"
                    },
                    "db_name_dwh": {
                        "type": "string"
                    },
                    "key_secret_dwh": {
                        "type": "string"
                    },
                    "db_username": {
                        "type": "string"
                    },
                    "key_version": {
                        "type": "string"
                    }
                },
                "annotations": [],
                "type": "AzureSqlDatabase",
                "typeProperties": {
                    "server": "[parameters('AzureSqlDatabase1_properties_typeProperties_server')]",
                    "database": "[parameters('AzureSqlDatabase1_properties_typeProperties_database')]",
                    "encrypt": "mandatory",
                    "trustServerCertificate": false,
                    "authenticationType": "SQL",
                    "userName": "[parameters('AzureSqlDatabase1_properties_typeProperties_userName')]",
                    "password": {
                        "type": "AzureKeyVaultSecret",
                        "store": {
                            "referenceName": "ADF_key_valut",
                            "type": "LinkedServiceReference"
                        },
                        "secretName": {
                            "value": "@linkedService().key_secret_dwh",
                            "type": "Expression"
                        },
                        "secretVersion": {
                            "value": "@linkedService().key_version",
                            "type": "Expression"
                        }
                    }
                }
            },
            "dependsOn": [
                "[concat(variables('factoryId'), '/linkedServices/ADF_key_valut')]"
            ]
        },
        {
            "name": "[concat(parameters('factoryName'), '/Ds_Json_PlaceHolder_api')]",
            "type": "Microsoft.DataFactory/factories/datasets",
            "apiVersion": "2018-06-01",
            "properties": {
                "linkedServiceName": {
                    "referenceName": "Ls_JsonPlaceHolder",
                    "type": "LinkedServiceReference"
                },
                "parameters": {
                    "Relative_URL": {
                        "type": "String"
                    }
                },
                "annotations": [],
                "type": "RestResource",
                "typeProperties": {
                    "relativeUrl": {
                        "value": "@dataset().Relative_URL",
                        "type": "Expression"
                    }
                },
                "schema": []
            },
            "dependsOn": [
                "[concat(variables('factoryId'), '/linkedServices/Ls_JsonPlaceHolder')]"
            ]
        },
        {
            "name": "[concat(parameters('factoryName'), '/Ds_dummyJson')]",
            "type": "Microsoft.DataFactory/factories/datasets",
            "apiVersion": "2018-06-01",
            "properties": {
                "linkedServiceName": {
                    "referenceName": "LS_dummyJson",
                    "type": "LinkedServiceReference"
                },
                "parameters": {
                    "Relative_url_dummyjson": {
                        "type": "String"
                    }
                },
                "annotations": [],
                "type": "RestResource",
                "typeProperties": {
                    "relativeUrl": {
                        "value": "@dataset().Relative_url_dummyjson",
                        "type": "Expression"
                    }
                },
                "schema": []
            },
            "dependsOn": [
                "[concat(variables('factoryId'), '/linkedServices/LS_dummyJson')]"
            ]
        },
        {
            "name": "[concat(parameters('factoryName'), '/AzureSqlTable1')]",
            "type": "Microsoft.DataFactory/factories/datasets",
            "apiVersion": "2018-06-01",
            "properties": {
                "linkedServiceName": {
                    "referenceName": "azure_Dev_db",
                    "type": "LinkedServiceReference"
                },
                "annotations": [],
                "type": "AzureSqlTable",
                "schema": [],
                "typeProperties": {}
            },
            "dependsOn": [
                "[concat(variables('factoryId'), '/linkedServices/azure_Dev_db')]"
            ]
        },
        {
            "name": "[concat(parameters('factoryName'), '/DS_bd_dev_p')]",
            "type": "Microsoft.DataFactory/factories/datasets",
            "apiVersion": "2018-06-01",
            "properties": {
                "linkedServiceName": {
                    "referenceName": "azure_Dev_db",
                    "type": "LinkedServiceReference"
                },
                "parameters": {
                    "table_name": {
                        "type": "String"
                    }
                },
                "annotations": [],
                "type": "AzureSqlTable",
                "schema": [],
                "typeProperties": {
                    "schema": "dbo",
                    "table": {
                        "value": "@dataset().table_name",
                        "type": "Expression"
                    }
                }
            },
            "dependsOn": [
                "[concat(variables('factoryId'), '/linkedServices/azure_Dev_db')]"
            ]
        },
        {
            "name": "[concat(parameters('factoryName'), '/Copy_archive_fusion_dwh')]",
            "type": "Microsoft.DataFactory/factories/pipelines",
            "apiVersion": "2018-06-01",
            "properties": {
                "activities": [
                    {
                        "name": "Copy data1",
                        "type": "Copy",
                        "dependsOn": [],
                        "policy": {
                            "timeout": "0.12:00:00",
                            "retry": 0,
                            "retryIntervalInSeconds": 30,
                            "secureOutput": false,
                            "secureInput": false
                        },
                        "userProperties": [],
                        "typeProperties": {
                            "source": {
                                "type": "DelimitedTextSource",
                                "additionalColumns": [
                                    {
                                        "name": "File_name",
                                        "value": "$$FILENAME"
                                    }
                                ],
                                "storeSettings": {
                                    "type": "AzureBlobStorageReadSettings",
                                    "recursive": true,
                                    "enablePartitionDiscovery": false
                                },
                                "formatSettings": {
                                    "type": "DelimitedTextReadSettings"
                                }
                            },
                            "sink": {
                                "type": "DelimitedTextSink",
                                "storeSettings": {
                                    "type": "AzureBlobStorageWriteSettings",
                                    "copyBehavior": "MergeFiles"
                                },
                                "formatSettings": {
                                    "type": "DelimitedTextWriteSettings",
                                    "quoteAllText": true,
                                    "fileExtension": ".txt"
                                }
                            },
                            "enableStaging": false,
                            "validateDataConsistency": false,
                            "translator": {
                                "type": "TabularTranslator",
                                "mappings": [
                                    {
                                        "source": {
                                            "name": "EMPLOYEE_ID",
                                            "type": "String",
                                            "physicalType": "String"
                                        },
                                        "sink": {
                                            "name": "EMPLOYEE_ID",
                                            "type": "String",
                                            "physicalType": "String"
                                        }
                                    },
                                    {
                                        "source": {
                                            "name": "FIRST_NAME",
                                            "type": "String",
                                            "physicalType": "String"
                                        },
                                        "sink": {
                                            "name": "FIRST_NAME",
                                            "type": "String",
                                            "physicalType": "String"
                                        }
                                    },
                                    {
                                        "source": {
                                            "name": "LAST_NAME",
                                            "type": "String",
                                            "physicalType": "String"
                                        },
                                        "sink": {
                                            "name": "LAST_NAME",
                                            "type": "String",
                                            "physicalType": "String"
                                        }
                                    },
                                    {
                                        "source": {
                                            "name": "EMAIL",
                                            "type": "String",
                                            "physicalType": "String"
                                        },
                                        "sink": {
                                            "name": "EMAIL",
                                            "type": "String",
                                            "physicalType": "String"
                                        }
                                    },
                                    {
                                        "source": {
                                            "name": "PHONE_NUMBER",
                                            "type": "String",
                                            "physicalType": "String"
                                        },
                                        "sink": {
                                            "name": "PHONE_NUMBER",
                                            "type": "String",
                                            "physicalType": "String"
                                        }
                                    },
                                    {
                                        "source": {
                                            "name": "HIRE_DATE",
                                            "type": "String",
                                            "physicalType": "String"
                                        },
                                        "sink": {
                                            "name": "HIRE_DATE",
                                            "type": "String",
                                            "physicalType": "String"
                                        }
                                    },
                                    {
                                        "source": {
                                            "name": "JOB_ID",
                                            "type": "String",
                                            "physicalType": "String"
                                        },
                                        "sink": {
                                            "name": "JOB_ID",
                                            "type": "String",
                                            "physicalType": "String"
                                        }
                                    },
                                    {
                                        "source": {
                                            "name": "SALARY",
                                            "type": "String",
                                            "physicalType": "String"
                                        },
                                        "sink": {
                                            "name": "SALARY",
                                            "type": "String",
                                            "physicalType": "String"
                                        }
                                    },
                                    {
                                        "source": {
                                            "name": "COMMISSION_PCT",
                                            "type": "String",
                                            "physicalType": "String"
                                        },
                                        "sink": {
                                            "name": "COMMISSION_PCT",
                                            "type": "String",
                                            "physicalType": "String"
                                        }
                                    },
                                    {
                                        "source": {
                                            "name": "MANAGER_ID",
                                            "type": "String",
                                            "physicalType": "String"
                                        },
                                        "sink": {
                                            "name": "MANAGER_ID",
                                            "type": "String",
                                            "physicalType": "String"
                                        }
                                    },
                                    {
                                        "source": {
                                            "name": "DEPARTMENT_ID",
                                            "type": "String",
                                            "physicalType": "String"
                                        },
                                        "sink": {
                                            "name": "DEPARTMENT_ID",
                                            "type": "String",
                                            "physicalType": "String"
                                        }
                                    },
                                    {
                                        "source": {
                                            "name": "File_name",
                                            "type": "String"
                                        },
                                        "sink": {
                                            "name": "File_name",
                                            "type": "String",
                                            "physicalType": "String"
                                        }
                                    }
                                ],
                                "typeConversion": true,
                                "typeConversionSettings": {
                                    "allowDataTruncation": true,
                                    "treatBooleanAsNumber": false
                                }
                            }
                        },
                        "inputs": [
                            {
                                "referenceName": "DS_input_fusion",
                                "type": "DatasetReference",
                                "parameters": {
                                    "File_name": "employee_data.csv"
                                }
                            }
                        ],
                        "outputs": [
                            {
                                "referenceName": "DS_input_dwh",
                                "type": "DatasetReference",
                                "parameters": {
                                    "File_name_fusion": "employee_data.csv"
                                }
                            }
                        ]
                    },
                    {
                        "name": "Copy_archive_zip",
                        "type": "Copy",
                        "dependsOn": [
                            {
                                "activity": "Copy data1",
                                "dependencyConditions": [
                                    "Succeeded"
                                ]
                            }
                        ],
                        "policy": {
                            "timeout": "0.12:00:00",
                            "retry": 0,
                            "retryIntervalInSeconds": 30,
                            "secureOutput": false,
                            "secureInput": false
                        },
                        "userProperties": [],
                        "typeProperties": {
                            "source": {
                                "type": "DelimitedTextSource",
                                "additionalColumns": [
                                    {
                                        "name": "File_name",
                                        "value": "$$FILENAME"
                                    }
                                ],
                                "storeSettings": {
                                    "type": "AzureBlobStorageReadSettings",
                                    "recursive": true,
                                    "enablePartitionDiscovery": false
                                },
                                "formatSettings": {
                                    "type": "DelimitedTextReadSettings"
                                }
                            },
                            "sink": {
                                "type": "DelimitedTextSink",
                                "storeSettings": {
                                    "type": "AzureBlobStorageWriteSettings",
                                    "copyBehavior": "MergeFiles"
                                },
                                "formatSettings": {
                                    "type": "DelimitedTextWriteSettings",
                                    "quoteAllText": true,
                                    "fileExtension": ".txt"
                                }
                            },
                            "enableStaging": false,
                            "translator": {
                                "type": "TabularTranslator",
                                "mappings": [
                                    {
                                        "source": {
                                            "name": "EMPLOYEE_ID",
                                            "type": "String",
                                            "physicalType": "String"
                                        },
                                        "sink": {
                                            "name": "EMPLOYEE_ID",
                                            "type": "String",
                                            "physicalType": "String"
                                        }
                                    },
                                    {
                                        "source": {
                                            "name": "FIRST_NAME",
                                            "type": "String",
                                            "physicalType": "String"
                                        },
                                        "sink": {
                                            "name": "FIRST_NAME",
                                            "type": "String",
                                            "physicalType": "String"
                                        }
                                    },
                                    {
                                        "source": {
                                            "name": "LAST_NAME",
                                            "type": "String",
                                            "physicalType": "String"
                                        },
                                        "sink": {
                                            "name": "LAST_NAME",
                                            "type": "String",
                                            "physicalType": "String"
                                        }
                                    },
                                    {
                                        "source": {
                                            "name": "EMAIL",
                                            "type": "String",
                                            "physicalType": "String"
                                        },
                                        "sink": {
                                            "name": "EMAIL",
                                            "type": "String",
                                            "physicalType": "String"
                                        }
                                    },
                                    {
                                        "source": {
                                            "name": "PHONE_NUMBER",
                                            "type": "String",
                                            "physicalType": "String"
                                        },
                                        "sink": {
                                            "name": "PHONE_NUMBER",
                                            "type": "String",
                                            "physicalType": "String"
                                        }
                                    },
                                    {
                                        "source": {
                                            "name": "HIRE_DATE",
                                            "type": "String",
                                            "physicalType": "String"
                                        },
                                        "sink": {
                                            "name": "HIRE_DATE",
                                            "type": "String",
                                            "physicalType": "String"
                                        }
                                    },
                                    {
                                        "source": {
                                            "name": "JOB_ID",
                                            "type": "String",
                                            "physicalType": "String"
                                        },
                                        "sink": {
                                            "name": "JOB_ID",
                                            "type": "String",
                                            "physicalType": "String"
                                        }
                                    },
                                    {
                                        "source": {
                                            "name": "SALARY",
                                            "type": "String",
                                            "physicalType": "String"
                                        },
                                        "sink": {
                                            "name": "SALARY",
                                            "type": "String",
                                            "physicalType": "String"
                                        }
                                    },
                                    {
                                        "source": {
                                            "name": "COMMISSION_PCT",
                                            "type": "String",
                                            "physicalType": "String"
                                        },
                                        "sink": {
                                            "name": "COMMISSION_PCT",
                                            "type": "String",
                                            "physicalType": "String"
                                        }
                                    },
                                    {
                                        "source": {
                                            "name": "MANAGER_ID",
                                            "type": "String",
                                            "physicalType": "String"
                                        },
                                        "sink": {
                                            "name": "MANAGER_ID",
                                            "type": "String",
                                            "physicalType": "String"
                                        }
                                    },
                                    {
                                        "source": {
                                            "name": "DEPARTMENT_ID",
                                            "type": "String",
                                            "physicalType": "String"
                                        },
                                        "sink": {
                                            "name": "DEPARTMENT_ID",
                                            "type": "String",
                                            "physicalType": "String"
                                        }
                                    },
                                    {
                                        "source": {
                                            "name": "File_name",
                                            "type": "String"
                                        },
                                        "sink": {
                                            "name": "File_name",
                                            "type": "String",
                                            "physicalType": "String"
                                        }
                                    }
                                ],
                                "typeConversion": true,
                                "typeConversionSettings": {
                                    "allowDataTruncation": true,
                                    "treatBooleanAsNumber": false
                                }
                            }
                        },
                        "inputs": [
                            {
                                "referenceName": "DS_input_fusion",
                                "type": "DatasetReference",
                                "parameters": {
                                    "File_name": "employee_data.csv"
                                }
                            }
                        ],
                        "outputs": [
                            {
                                "referenceName": "DS_Archive_folder",
                                "type": "DatasetReference",
                                "parameters": {
                                    "file_name": {
                                        "value": "@concat(\n    split(pipeline().parameters.file_name,'.')[0]\n    ,'_'\n    ,formatDateTime(addMinutes(utcNow(),330),'yyyyMMdd_HHmmss')\n    ,'.'\n    ,split(pipeline().parameters.file_name,'.' )[1])",
                                        "type": "Expression"
                                    }
                                }
                            }
                        ]
                    },
                    {
                        "name": "Delete1",
                        "type": "Delete",
                        "dependsOn": [
                            {
                                "activity": "Copy_archive_zip",
                                "dependencyConditions": [
                                    "Succeeded"
                                ]
                            }
                        ],
                        "policy": {
                            "timeout": "0.12:00:00",
                            "retry": 0,
                            "retryIntervalInSeconds": 30,
                            "secureOutput": false,
                            "secureInput": false
                        },
                        "userProperties": [],
                        "typeProperties": {
                            "dataset": {
                                "referenceName": "DS_input_dwh",
                                "type": "DatasetReference",
                                "parameters": {
                                    "File_name_fusion": "employee_data.csv"
                                }
                            },
                            "logStorageSettings": {
                                "linkedServiceName": {
                                    "referenceName": "LS_fusion",
                                    "type": "LinkedServiceReference"
                                },
                                "path": "loging"
                            },
                            "enableLogging": true,
                            "storeSettings": {
                                "type": "AzureBlobStorageReadSettings",
                                "recursive": true,
                                "enablePartitionDiscovery": false
                            }
                        }
                    }
                ],
                "policy": {
                    "elapsedTimeMetric": {}
                },
                "parameters": {
                    "file_name": {
                        "type": "string"
                    }
                },
                "annotations": [],
                "lastPublishTime": "2026-01-26T17:53:31Z"
            },
            "dependsOn": [
                "[concat(variables('factoryId'), '/datasets/DS_input_fusion')]",
                "[concat(variables('factoryId'), '/datasets/DS_input_dwh')]",
                "[concat(variables('factoryId'), '/datasets/DS_Archive_folder')]",
                "[concat(variables('factoryId'), '/linkedServices/LS_fusion')]"
            ]
        }
    ]
}